playerID,playerName,byeWeek,passingAtt,passingCmp,passingYds,passingTD,passingInt,passing2pt,rushingAtt,rushingYds,rushingTD,rushing2pt,receivingRec,receivingYds,receivingTD,receiving2pt,fumbleLost,fumbleTD
1,Lamar Jackson,14,474,316,"4,172",41,4,0,139,915,4,1,0,0,0,0,5,0
2,Joe Burrow,12,652,460,"4,918",43,9,0,42,201,2,0,0,0,0,0,5,0
3,Baker Mayfield,11,570,407,"4,500",41,16,1,60,378,3,0,0,0,0,0,2,0
4,Josh Allen,12,483,307,"3,731",28,6,1,102,531,12,0,0,7,1,0,2,0
5,Jayden Daniels,14,480,331,"3,568",25,9,2,148,891,6,1,0,0,0,0,0,0
6,Jared Goff,5,539,390,"4,629",37,12,1,35,56,0,0,1,7,1,0,0,0
7,Sam Darnold,6,545,361,"4,319",35,12,0,67,212,1,0,0,0,0,0,4,0
8,Bo Nix,14,567,376,"3,775",29,12,0,92,430,4,0,1,2,1,0,0,0
9,Jalen Hurts,5,361,248,"2,903",18,5,0,150,630,14,0,0,0,0,0,5,0
10,Kyler Murray,11,541,372,"3,851",21,11,0,78,572,5,1,0,0,0,0,4,0
11,Justin Herbert,5,504,332,"3,870",23,3,3,69,306,2,0,0,0,0,0,2,0
12,Patrick Mahomes,6,581,392,"3,928",26,11,0,58,307,2,0,1,2,0,0,0,0
13,Saquon Barkley,5,0,0,0,0,0,0,345,"2,005",13,3,33,278,2,0,1,0
14,Derrick Henry,14,0,0,0,0,0,0,325,"1,921",16,0,19,193,2,0,1,0
15,Aaron Rodgers,12,584,368,"3,897",28,11,2,22,107,0,0,0,0,0,0,2,0
16,Brock Purdy,9,455,300,"3,864",20,12,0,66,323,5,0,0,0,0,0,3,0
17,Jahmyr Gibbs,5,0,0,0,0,0,0,250,"1,412",16,0,52,517,4,0,1,0
18,Geno Smith,10,578,407,"4,320",21,15,0,53,272,2,0,0,0,0,0,0,0
19,Caleb Williams,7,562,351,"3,541",20,6,3,81,489,0,0,0,0,0,0,5,0
20,Jordan Love,10,425,268,"3,389",25,11,3,25,83,1,0,0,0,0,0,0,0
21,Ja'Marr Chase,12,0,0,0,0,0,0,3,32,0,0,127,"1,708",17,0,0,0
22,Bijan Robinson,12,0,0,0,0,0,0,304,"1,456",14,1,61,431,1,0,0,0
23,C.J. Stroud,14,532,336,"3,727",20,12,0,52,233,0,0,0,0,0,0,4,0
24,Josh Jacobs,10,0,0,0,0,0,0,301,"1,329",15,0,36,342,1,0,3,0
25,Matthew Stafford,6,517,340,"3,762",20,8,0,30,41,0,0,0,0,0,0,2,0
26,Kyren Williams,6,0,0,0,0,0,0,316,"1,299",14,0,34,182,2,0,3,0
27,James Cook,12,0,0,0,0,0,0,207,"1,009",16,0,32,258,2,0,0,0
28,Jonathan Taylor,14,0,0,0,0,0,0,303,"1,431",11,0,18,136,1,0,1,0
29,Tua Tagovailoa,6,399,291,"2,867",19,7,2,17,49,0,0,0,0,0,0,2,0
30,Bryce Young,11,384,234,"2,403",15,9,0,43,249,6,0,0,0,0,0,2,0
31,Kirk Cousins,12,453,303,"3,508",18,16,0,23,0,0,0,0,0,0,0,2,0
32,De'Von Achane,6,0,0,0,0,0,0,203,907,6,0,78,592,6,0,0,0
33,Justin Jefferson,6,1,1,22,0,0,0,1,3,0,0,103,"1,533",10,0,0,0
34,Drake Maye,14,338,225,"2,276",15,10,2,54,421,2,0,0,0,0,0,6,0
35,Russell Wilson,9,336,214,"2,482",16,5,0,43,155,2,0,0,0,0,0,4,0
36,Amon-Ra St. Brown,5,1,1,7,1,0,0,2,6,0,0,115,"1,263",12,0,1,0
37,James Conner,11,0,0,0,0,0,0,236,"1,094",8,2,47,414,1,0,1,0
38,Chuba Hubbard,11,0,0,0,0,0,0,250,"1,195",10,1,43,171,1,0,3,0
39,Joe Mixon,14,1,0,0,0,0,0,245,"1,016",11,0,36,309,1,0,0,0
40,Chase Brown,12,0,0,0,0,0,0,229,990,7,1,54,360,4,0,1,0
41,Brian Thomas,12,0,0,0,0,0,0,6,48,0,0,87,"1,282",10,2,0,0
42,Mar'Keise Irving,11,0,0,0,0,0,0,207,"1,122",8,0,47,392,0,0,1,0
43,Alvin Kamara,12,0,0,0,0,0,0,228,950,6,0,68,543,2,0,0,0
44,Terry McLaurin,14,0,0,0,0,0,0,2,2,0,0,82,"1,096",13,0,1,0
45,David Montgomery,5,1,1,3,1,0,0,185,775,12,0,36,341,0,0,1,0
46,Aaron Jones,6,0,0,0,0,0,0,255,"1,138",5,0,51,408,2,0,3,0
47,Breece Hall,12,0,0,0,0,0,0,209,876,5,2,57,483,3,0,2,0
48,Drake London,12,0,0,0,0,0,0,1,-3,0,0,100,"1,271",9,0,0,0
49,Derek Carr,12,279,189,"2,145",15,5,1,17,71,1,0,0,0,0,0,0,0
50,Anthony Richardson,14,264,126,"1,814",8,12,0,86,499,6,1,1,-1,0,0,3,0
51,D'Andre Swift,7,0,0,0,0,0,0,253,959,6,0,42,386,0,1,0,0
52,Mike Evans,11,0,0,0,0,0,0,0,0,0,0,74,"1,004",11,0,0,0
53,Trevor Lawrence,12,284,172,"2,045",11,7,3,26,119,3,0,0,-5,0,0,1,0
54,Malik Nabers,11,1,0,0,0,0,0,5,2,0,0,109,"1,204",7,1,0,0
55,Najee Harris,9,0,0,0,0,0,0,263,"1,043",6,0,36,283,0,0,0,0
56,Courtland Sutton,14,2,2,30,1,0,0,0,0,0,0,81,"1,081",8,0,1,0
57,CeeDee Lamb,7,0,0,0,0,0,0,14,70,0,0,101,"1,194",6,1,1,0
58,George Kittle,9,0,0,0,0,0,0,0,0,0,0,78,"1,106",8,0,0,0
59,J.K. Dobbins,5,0,0,0,0,0,0,195,905,9,0,32,153,0,0,0,0
60,Ladd McConkey,5,0,0,0,0,0,0,0,0,0,0,82,"1,149",7,1,0,0
61,Tony Pollard,5,0,0,0,0,0,0,260,"1,079",5,1,41,238,0,0,2,0
62,Davante Adams,12,0,0,0,0,0,0,0,0,0,0,85,"1,063",8,1,0,0
63,Jameis Winston,10,296,181,"2,121",13,12,4,25,83,1,0,0,0,0,0,2,0
64,Rico Dowdle,7,0,0,0,0,0,0,235,"1,079",2,0,39,249,3,0,2,0
65,Garrett Wilson,12,0,0,0,0,0,0,2,5,0,0,101,"1,104",7,1,2,0
66,Jameson Williams,5,0,0,0,0,0,0,11,61,1,0,58,"1,001",7,0,0,0
67,Daniel Jones,6,341,216,"2,070",8,7,0,67,265,2,0,0,0,0,0,2,0
68,Tee Higgins,12,0,0,0,0,0,0,0,0,0,0,73,911,10,0,1,0
69,Jerry Jeudy,10,0,0,0,0,0,0,0,0,0,0,90,"1,229",4,2,0,0
70,Will Levis,5,301,190,"2,091",13,12,1,45,183,0,0,0,0,0,0,6,0
71,Jordan Addison,6,0,0,0,0,0,0,3,20,1,0,63,875,9,0,0,0
72,A.J. Brown,5,0,0,0,0,0,0,0,0,0,0,67,"1,079",7,0,0,0
73,Jaxon Smith-Njigba,10,1,1,35,0,0,0,5,26,0,0,100,"1,130",6,0,0,0
74,Brock Bowers,10,0,0,0,0,0,0,5,13,0,0,112,"1,194",5,0,0,0
75,Rachaad White,11,0,0,0,0,0,0,144,613,3,0,51,393,6,0,3,0
76,Nico Collins,14,0,0,0,0,0,0,0,0,0,0,68,"1,006",7,0,0,0
77,Dak Prescott,7,286,185,"1,978",11,8,0,13,54,1,0,0,0,0,0,1,0
78,Trey McBride,11,0,0,0,0,0,0,1,2,1,0,111,"1,146",2,0,0,1
79,Rhamondre Stevenson,14,0,0,0,0,0,0,207,801,7,0,33,168,1,2,3,0
80,Brian Robinson,14,0,0,0,0,0,0,187,799,8,0,20,159,0,0,2,0
81,Zach Charbonnet,10,0,0,0,0,0,0,135,569,8,0,42,340,1,0,0,0
82,Tyrone Tracy,11,0,0,0,0,0,0,192,839,5,0,38,284,1,0,2,0
83,Jayden Reed,10,0,0,0,0,0,0,20,163,1,0,55,857,6,0,1,0
84,Marvin Harrison,11,0,0,0,0,0,0,0,0,0,0,62,885,8,0,1,0
85,D.J. Moore,7,1,0,0,0,0,0,14,75,0,0,98,966,6,1,1,0
86,Tyreek Hill,6,0,0,0,0,0,0,8,53,0,0,81,959,6,0,0,0
87,Jauan Jennings,9,0,0,0,0,0,0,0,0,0,0,77,975,6,0,0,0
88,Cooper Rush,7,308,187,"1,844",12,5,1,26,18,0,0,0,0,0,0,3,0
89,Jonnu Smith,6,0,0,0,0,0,0,2,-1,0,0,88,884,8,0,1,0
90,Zay Flowers,14,0,0,0,0,0,0,9,56,0,0,74,"1,059",4,0,0,0
91,Mark Andrews,14,0,0,0,0,0,0,4,5,0,0,55,673,11,0,0,0
92,Calvin Ridley,5,0,0,0,0,0,0,8,55,1,0,64,"1,017",4,0,1,0
93,Kenneth Walker,10,0,0,0,0,0,0,153,573,7,0,46,299,1,0,0,0
94,DeVonta Smith,5,0,0,0,0,0,0,1,1,0,0,68,833,8,0,0,0
95,Rashod Bateman,14,0,0,0,0,0,0,0,0,0,0,45,756,9,0,0,0
96,Jakobi Meyers,10,0,0,0,0,0,0,2,23,0,0,87,"1,027",4,1,0,0
97,Joe Flacco,14,248,162,"1,761",12,7,0,9,26,0,0,0,0,0,0,4,0
98,Kareem Hunt,6,0,0,0,0,0,0,200,728,7,0,23,176,0,0,0,0
99,Darnell Mooney,12,1,0,0,0,0,0,0,0,0,0,64,992,5,0,0,0
100,Justin Fields,9,161,106,"1,106",5,1,0,62,289,5,0,0,0,0,0,1,0
101,Puka Nacua,6,0,0,0,0,0,0,11,46,1,0,79,990,3,0,0,0
102,D.K. Metcalf,10,0,0,0,0,0,0,0,0,0,0,66,992,5,0,2,0
103,Alec Pierce,14,0,0,0,0,0,0,0,0,0,0,37,824,7,0,0,0
104,Xavier Worthy,6,0,0,0,0,0,0,20,104,3,0,59,638,6,0,0,0
105,Cartavious Bigsby,12,0,0,0,0,0,0,168,766,7,0,7,54,0,0,1,0
106,Gardner Minshew,10,306,203,"2,013",9,10,1,19,58,0,0,0,0,0,0,4,0
107,Quentin Johnston,5,0,0,0,0,0,0,3,6,0,0,55,711,8,0,0,0
108,Keenan Allen,7,1,0,0,0,1,0,0,0,0,0,70,744,7,0,0,0
109,Sam LaPorta,5,0,0,0,0,0,0,0,0,0,0,60,726,7,0,0,0
110,Aidan O'Connell,10,243,154,"1,612",8,4,0,21,30,1,0,0,0,0,0,2,0
111,Mason Rudolph,5,228,146,"1,530",9,9,1,25,106,1,0,0,0,0,0,1,0
112,Josh Downs,14,0,0,0,0,0,0,1,12,0,0,72,803,5,0,0,0
113,Tucker Kraft,10,0,0,0,0,0,0,3,6,0,0,50,707,7,1,1,0
114,Zach Ertz,14,0,0,0,0,0,0,0,0,0,0,66,654,7,2,0,0
115,Mac Jones,12,262,171,"1,672",8,8,1,28,92,1,0,0,0,0,0,2,0
116,Cooper Kupp,6,0,0,0,0,0,0,2,10,0,0,67,710,6,0,0,0
117,George Pickens,9,0,0,0,0,0,0,2,-6,0,0,59,900,3,0,1,0
118,Khalil Shakir,12,0,0,0,0,0,0,2,4,0,0,76,821,4,0,0,0
119,Jalen Tolbert,7,0,0,0,0,0,0,0,0,0,0,49,610,7,0,0,0
120,Nick Westbrook,5,0,0,0,0,0,0,0,0,0,0,32,497,9,0,0,0
121,Pat Freiermuth,9,0,0,0,0,0,0,0,0,0,0,65,653,7,0,2,0
122,Deebo Samuel,9,0,0,0,0,0,0,42,136,1,0,51,670,3,0,1,0
123,Jordan Mason,9,0,0,0,0,0,0,153,789,3,0,11,91,0,0,1,0
124,Javonte Williams,14,0,0,0,0,0,0,139,513,4,0,52,346,0,0,2,0
125,Travis Kelce,6,0,0,0,0,0,0,1,1,0,0,97,823,3,0,1,0
126,Alexander Mattison,10,0,0,0,0,0,0,132,420,4,1,36,294,1,0,1,0
127,Jalen McMillan,11,0,0,0,0,0,0,4,43,0,0,37,461,8,0,0,0
128,Drew Lock,11,181,107,"1,071",6,5,1,18,133,2,0,0,0,0,0,2,0
129,Michael Pittman,14,0,0,0,0,0,0,0,0,0,0,69,808,3,0,1,0
130,Re'Mahn Davis,12,0,0,0,0,0,0,113,442,3,0,17,189,3,0,0,0
131,Austin Ekeler,14,0,0,0,0,0,0,77,367,4,0,35,366,0,0,0,0
132,Adam Thielen,11,0,0,0,0,0,0,0,0,0,0,48,615,5,0,0,0
133,Demarcus Robinson,6,0,0,0,0,0,0,0,0,0,0,31,505,7,0,0,0
134,Jerome Ford,10,0,0,0,0,0,0,104,565,3,0,37,225,0,0,0,0
135,Rome Odunze,7,0,0,0,0,0,0,3,15,0,0,54,734,3,0,1,0
136,Chris Godwin,11,0,0,0,0,0,0,1,2,0,0,50,576,5,0,0,0
137,Jaylen Waddle,6,0,0,0,0,0,0,4,12,0,0,58,744,2,2,0,0
138,Deshaun Watson,10,216,137,"1,148",5,3,1,31,148,1,0,0,0,0,0,3,0
139,Tyler Allgeier,12,0,0,0,0,0,0,137,644,3,1,13,88,0,0,0,0
140,DeAndre Hopkins,6,0,0,0,0,0,0,0,0,0,0,56,610,5,0,0,0
141,Allen Lazard,12,1,0,0,0,0,0,0,0,0,0,37,530,6,0,0,0
142,Wan'Dale Robinson,11,0,0,0,0,0,0,3,18,0,0,93,699,3,0,0,0
143,Nathaniel Dell,14,0,0,0,0,0,0,9,43,0,0,51,667,3,0,0,0
144,Marvin Mims,14,0,0,0,0,0,0,13,42,0,0,39,503,6,0,0,0
145,Travis Etienne,12,0,0,0,0,0,0,150,558,2,0,39,254,0,0,1,0
146,Romeo Doubs,10,0,0,0,0,0,0,0,0,0,0,46,601,4,1,0,0
147,David Njoku,10,0,0,0,0,0,0,0,0,0,0,64,505,5,2,0,0
148,Cade Otton,11,0,0,0,0,0,0,1,-4,0,0,59,600,4,0,1,0
149,Keon Coleman,12,0,0,0,0,0,0,1,9,0,0,29,556,4,1,0,0
150,Kyle Pitts,12,0,0,0,0,0,0,0,0,0,0,47,602,4,0,0,0
151,Andrei Iosivas,12,0,0,0,0,0,0,0,0,0,0,36,479,6,0,0,0
152,Emanuel Wilson,10,0,0,0,0,0,0,103,502,4,0,11,48,1,0,0,0
153,Ameer Abdullah,10,0,0,0,0,0,0,66,311,2,0,40,261,3,0,1,0
154,Amari Cooper,12,0,0,0,0,0,0,0,0,0,0,44,547,4,0,0,0
155,Demario Douglas,14,0,0,0,0,0,0,3,16,0,0,66,621,3,0,0,0
156,Justice Hill,14,0,0,0,0,0,0,47,228,1,0,42,383,3,0,0,0
157,Taysom Hill,12,4,2,21,0,1,0,39,278,6,0,23,187,0,0,1,0
158,Isaiah Likely,14,0,0,0,0,0,0,0,0,0,0,42,477,6,0,1,0
159,Tyjae Spears,5,0,0,0,0,0,0,84,312,4,0,30,224,1,0,0,0
160,Jaylen Warren,9,0,0,0,0,0,0,120,511,1,0,38,310,0,0,1,0
161,Mike Gesicki,12,0,0,0,0,0,0,0,0,0,0,65,665,2,0,1,0
162,Isaac Guerendo,9,0,0,0,0,0,0,84,420,4,0,15,152,0,0,1,0
163,Hunter Henry,14,0,0,0,0,0,0,0,0,0,0,66,674,2,0,0,0
164,Spencer Rattler,12,228,130,"1,317",4,5,0,18,146,0,0,0,0,0,0,3,0
165,Tre Tucker,10,0,0,0,0,0,0,9,44,1,0,47,539,3,0,0,0
166,Kayshon Boutte,14,0,0,0,0,0,0,0,0,0,0,43,589,3,1,0,0
167,Jalen Nailor,6,0,0,0,0,0,0,3,-4,0,0,28,414,6,0,1,0
168,Christian Watson,10,0,0,0,0,0,0,4,23,0,0,29,620,2,1,1,0
169,Michael Wilson,11,0,0,0,0,0,0,1,7,0,0,47,548,4,0,1,0
170,Calvin Austin,9,0,0,0,0,0,0,0,0,0,0,36,548,4,0,1,0
171,Stefon Diggs,14,1,1,13,0,0,0,3,8,1,0,47,496,3,0,0,0
172,Cam Akers,6,0,0,0,0,0,0,104,444,2,0,14,68,3,0,1,0
173,Andy Dalton,11,160,106,989,7,6,0,11,34,0,0,0,0,0,0,0,0
174,Xavier Legette,11,0,0,0,0,0,0,6,24,0,0,49,497,4,0,0,0
175,Ray Ray McCloud,12,0,0,0,0,0,0,10,79,0,0,62,686,1,0,2,0
176,Devin Singletary,11,0,0,0,0,0,0,113,437,4,0,21,119,0,0,2,0
177,Antonio Gibson,14,0,0,0,0,0,0,120,538,1,0,23,206,0,0,0,0
178,Noah Gray,6,0,0,0,0,0,0,1,-4,0,0,40,437,5,0,0,0
179,Juwan Johnson,12,0,0,0,0,0,0,0,0,0,0,50,548,3,0,0,0
180,Cole Kmet,7,0,0,0,0,0,0,0,0,0,0,47,474,4,1,0,0
181,Foster Moreau,12,0,0,0,0,0,0,0,0,0,0,32,413,5,0,0,0
182,Tyler Huntley,6,133,86,829,3,3,0,26,135,2,0,0,0,0,0,2,0
183,Dontayvion Wicks,10,0,0,0,0,0,0,0,0,0,0,39,415,5,0,0,0
184,Tyler Conklin,12,0,0,0,0,0,0,1,0,0,0,51,449,4,1,0,0
185,Tyler Lockett,10,0,0,0,0,0,0,0,0,0,0,49,600,2,0,0,0
186,Ty Johnson,12,0,0,0,0,0,0,41,213,1,0,18,284,3,0,0,0
187,Darius Slayton,11,0,0,0,0,0,0,2,17,0,0,39,573,2,0,0,0
188,Josh Palmer,5,0,0,0,0,0,0,0,0,0,0,39,584,1,2,0,0
189,Jaleel McLaughlin,14,0,0,0,0,0,0,113,496,1,0,24,76,2,0,1,0
190,Olamide Zaccheaus,14,0,0,0,0,0,0,1,8,0,0,45,506,3,0,1,0
191,Mack Hollins,12,0,0,0,0,0,0,0,0,0,0,31,378,5,0,0,0
192,Marquez Valdes-Scantling,12,0,0,0,0,0,0,1,4,0,0,19,411,4,0,0,0
193,Devaughn Vele,14,0,0,0,0,0,0,0,0,0,0,41,475,3,0,0,0
194,Dalton Schultz,14,0,0,0,0,0,0,0,0,0,0,53,532,2,0,0,0
195,Dallas Goedert,5,0,0,0,0,0,0,0,0,0,0,42,496,2,0,0,0
196,Ricky Pearsall,9,1,0,0,0,0,0,3,45,0,0,31,400,3,0,0,0
197,Nick Chubb,10,0,0,0,0,0,0,102,332,3,0,5,31,1,0,1,0
198,Jalen Coker,11,1,1,19,0,0,0,0,0,0,0,32,478,2,0,0,0
199,Malik Willis,10,54,40,550,3,0,0,20,138,1,0,0,0,0,0,1,0
200,Austin Hooper,14,0,0,0,0,0,0,0,0,0,0,45,476,3,0,1,0
201,Parker Washington,12,0,0,0,0,0,0,0,0,0,0,32,390,3,1,0,0
202,Will Dissly,5,0,0,0,0,0,0,0,0,0,0,50,481,2,0,0,0
203,Gus Edwards,5,0,0,0,0,0,0,101,365,4,0,3,6,0,0,0,0
204,Roschon Johnson,7,0,0,0,0,0,0,55,150,6,0,16,104,0,0,0,0
205,Elijah Moore,10,0,0,0,0,0,0,1,1,0,0,61,538,1,0,0,0
206,Chigoziem Okonkwo,5,0,0,0,0,0,0,1,17,0,0,52,479,2,1,1,0
207,Tim Patrick,5,0,0,0,0,0,0,0,0,0,0,33,394,3,1,0,0
208,Dalton Kincaid,12,0,0,0,0,0,0,0,0,0,0,44,448,2,0,0,0
209,KaVontae Turpin,7,0,0,0,0,0,0,16,92,0,0,31,420,2,0,1,0
210,Braelon Allen,12,0,0,0,0,0,0,92,334,2,0,19,148,1,0,0,0
211,Marcus Mariota,14,44,34,364,4,0,0,18,92,1,0,0,0,0,0,0,0
212,Zack Moss,12,0,0,0,0,0,0,74,242,2,0,23,187,1,0,1,0
213,Rashid Shaheed,12,0,0,0,0,0,0,6,29,0,0,20,349,3,0,1,0
214,Noah Fant,10,0,0,0,0,0,0,0,0,0,0,48,500,1,0,0,0
215,Diontae Johnson,14,0,0,0,0,0,0,2,6,0,0,33,375,3,0,0,0
216,Sean Tucker,11,0,0,0,0,0,0,50,308,2,0,9,109,1,0,0,0
217,Chatarius Atwell,6,1,0,0,0,0,0,2,7,0,0,42,562,0,0,0,0
218,Cedric Tillman,10,0,0,0,0,0,0,1,-5,0,0,29,339,3,1,1,0
219,Jeremy McNichols,14,0,0,0,0,0,0,55,261,4,1,9,27,0,0,0,0
220,Miles Sanders,11,0,0,0,0,0,0,55,205,2,0,24,148,1,0,0,0
221,Brenton Strange,12,0,0,0,0,0,0,0,0,0,0,40,411,2,0,1,0
222,Noah Brown,14,0,0,0,0,0,0,0,0,0,0,35,453,1,0,0,0
223,David Moore,11,0,0,0,0,0,0,1,0,0,0,32,351,3,0,0,0
224,Raheem Mostert,6,0,0,0,0,0,0,85,278,2,0,19,161,0,0,2,0
225,Michael Penix,12,105,61,775,3,3,0,7,11,1,0,0,0,0,0,0,0
226,Jordan Akins,10,0,0,0,0,0,0,0,0,0,0,40,390,2,0,0,0
227,Jacoby Brissett,14,161,95,826,2,1,1,15,62,0,0,0,0,0,0,1,0
228,Samaje Perine,6,0,0,0,0,0,0,20,92,1,0,28,322,1,0,0,0
229,Greg Dortch,11,0,0,0,0,0,0,5,31,0,0,37,342,3,0,1,0
230,Jake Ferguson,7,0,0,0,0,0,0,0,0,0,0,59,494,0,0,2,0
231,AJ Barner,10,0,0,0,0,0,0,0,0,0,0,30,245,4,0,0,0
232,Chris Olave,12,0,0,0,0,0,0,1,7,0,0,32,400,1,0,1,0
233,Sterling Shepard,11,0,0,0,0,0,0,8,69,0,0,32,334,1,1,0,0
234,Evan Engram,12,0,0,0,0,0,0,0,0,0,0,47,365,1,1,1,0
235,T.J. Hockenson,6,0,0,0,0,0,0,0,0,0,0,41,455,0,0,0,0
236,Christian Kirk,12,0,0,0,0,0,0,0,0,0,0,27,379,1,0,0,0
237,Josh Oliver,6,0,0,0,0,0,0,0,0,0,0,22,258,3,0,0,0
238,Isiah Pacheco,6,0,0,0,0,0,0,83,310,1,0,12,79,0,0,0,0
239,Rashee Rice,6,0,0,0,0,0,0,1,1,0,0,24,288,2,0,0,0
240,Brandin Cooks,7,0,0,0,0,0,0,3,-3,0,0,26,259,3,0,0,0
241,Dameon Pierce,14,0,0,0,0,0,0,40,293,2,0,2,2,0,0,0,0
242,Audric Estime,14,0,0,0,0,0,0,76,310,2,0,5,27,0,0,1,0
243,Ezekiel Elliott,5,0,0,0,0,0,0,74,226,3,0,12,69,0,0,1,0
244,Tanner McKee,5,45,30,323,4,0,0,5,-1,0,0,0,0,0,0,0,0
245,Kenny Gainwell,5,0,0,0,0,0,0,75,290,1,0,16,116,0,0,0,0
246,Van Jefferson,9,0,0,0,0,0,0,0,0,0,0,24,276,2,0,0,0
247,Justin Watson,6,0,0,0,0,0,0,0,0,0,0,22,289,2,0,0,0
248,Trey Benson,11,0,0,0,0,0,0,63,291,1,0,6,59,0,0,0,0
249,Joshua Dobbs,9,47,32,361,2,2,0,9,24,2,0,0,0,0,0,1,0
250,Theo Johnson,11,0,0,0,0,0,0,0,0,0,0,29,331,1,0,0,0
251,Brandon Aiyuk,9,0,0,0,0,0,0,0,0,0,0,25,374,0,0,0,0
252,Troy Franklin,14,0,0,0,0,0,0,2,8,0,0,28,263,2,0,0,0
253,Kyle Juszczyk,9,0,0,0,0,0,0,5,26,1,0,19,200,2,0,1,0
254,Dawson Knox,12,0,0,0,0,0,0,0,0,0,0,22,311,1,0,0,0
255,Ja'Tavion Sanders,11,0,0,0,0,0,0,0,0,0,0,33,342,1,0,0,0
256,Kendrick Bourne,14,1,0,0,0,0,0,1,6,0,0,28,305,1,0,0,0
257,Tyler Boyd,5,1,0,0,0,0,0,1,3,0,0,39,390,0,0,0,0
258,Dyami Brown,14,1,0,0,0,0,0,3,26,0,0,30,308,1,0,1,0
259,Isaiah Davis,12,0,0,0,0,0,0,30,174,1,0,9,75,1,0,0,0
260,Emari Demercado,11,0,0,0,0,0,0,24,223,1,0,16,104,0,0,0,0
261,Grant Calcaterra,5,0,0,0,0,0,0,0,0,0,0,24,298,1,0,0,0
262,Gabriel Davis,12,0,0,0,0,0,0,0,0,0,0,20,239,2,0,1,0
263,Tyler Johnson,6,0,0,0,0,0,0,0,0,0,0,26,291,1,0,0,0
264,Colby Parkinson,6,0,0,0,0,0,0,0,0,0,0,30,294,1,0,0,0
265,Kalif Raymond,5,0,0,0,0,0,0,2,0,0,0,17,215,2,0,0,0
266,JuJu Smith-Schuster,6,0,0,0,0,0,0,0,0,0,0,18,231,2,0,0,0
267,Nelson Agholor,14,0,0,0,0,0,0,0,0,0,0,14,231,2,0,0,0
268,Tyler Goodson,14,0,0,0,0,0,0,32,153,1,0,11,61,1,0,0,0
269,Lil'Jordan Humphrey,14,0,0,0,0,0,0,0,0,0,0,31,293,1,0,1,0
270,Dare Ogunbowale,14,0,0,0,0,0,0,30,112,0,0,19,198,1,0,0,0
271,Tommy Tremble,11,0,0,0,0,0,0,0,0,0,0,23,234,2,0,1,0
272,Mike Williams,9,0,0,0,0,0,0,0,0,0,0,21,298,1,0,0,0
273,Christian McCaffrey,9,0,0,0,0,0,0,50,202,0,0,15,146,0,0,1,0
274,Hassan Haskins,5,0,0,0,0,0,0,34,89,2,0,3,49,1,0,1,0
275,Christopher Rodriguez,14,0,0,0,0,0,0,35,173,2,0,1,12,0,0,0,0
276,Trey Sermon,14,0,0,0,0,0,0,56,159,2,0,16,99,0,0,0,0
277,Josh Whyle,5,0,0,0,0,0,0,0,0,0,0,28,248,1,1,0,0
278,Adonai Mitchell,14,1,1,24,0,0,0,4,6,0,0,23,312,0,0,1,0
279,Kenny Pickett,5,42,25,291,2,1,0,9,15,1,0,0,0,0,0,0,0
280,Curtis Samuel,12,0,0,0,0,0,0,5,14,0,0,31,253,1,0,0,0
281,Adam Trautman,14,0,0,0,0,0,0,0,0,0,0,13,188,2,0,0,0
282,Jordan Whittington,6,0,0,0,0,0,0,2,12,0,0,22,293,0,0,0,0
283,Cedrick Wilson,12,1,1,21,1,0,0,0,0,0,0,20,211,1,0,1,0
284,John Metchie,14,0,0,0,0,0,0,0,0,0,0,24,254,1,0,0,0
285,Luke Schoonmaker,7,0,0,0,0,0,0,0,0,0,0,27,241,1,0,0,0
286,Nick Vannett,5,0,0,0,0,0,0,0,0,0,0,17,135,3,0,0,0
287,Elijah Higgins,11,0,0,0,0,0,0,0,0,0,0,20,172,2,0,0,0
288,Nate Adkins,14,0,0,0,0,0,0,0,0,0,0,14,115,3,0,0,0
289,Christopher Brooks,10,0,0,0,0,0,0,36,183,1,0,11,69,0,0,0,0
290,Desmond Ridder,10,85,52,458,2,2,0,9,36,0,0,0,0,0,0,2,0
291,Tyrod Taylor,12,22,17,119,3,0,1,3,13,0,0,0,0,0,0,0,0
292,D.J. Turner,10,0,0,0,0,0,0,5,33,1,0,16,158,1,0,0,0
293,Michael Carter,11,0,0,0,0,0,0,35,131,1,0,11,57,0,0,0,0
294,Jimmy Garoppolo,6,41,27,334,2,1,0,2,5,0,0,0,0,0,0,0,0
295,Josh Reynolds,12,0,0,0,0,0,0,0,0,0,0,13,194,1,0,0,0
296,Patrick Taylor,9,0,0,0,0,0,0,39,183,1,0,3,25,0,0,0,0
297,Kimani Vidal,5,0,0,0,0,0,0,43,155,0,0,5,62,1,0,0,0
298,Malik Washington,6,0,0,0,0,0,0,5,25,1,0,26,223,0,0,1,0
299,John Mundt,6,0,0,0,0,0,0,0,0,0,0,19,142,2,0,0,0
300,Tylan Wallace,14,0,0,0,0,0,0,0,0,0,0,11,193,1,0,0,0
301,Zamir White,10,0,0,0,0,0,0,65,183,1,0,6,30,0,0,2,0
302,Ryan Miller,11,0,0,0,0,0,0,0,0,0,0,12,128,2,0,0,0
303,Joe Milton,14,29,22,241,1,0,0,10,16,1,0,0,0,0,0,1,0
304,Cordarrelle Patterson,9,0,0,0,0,0,0,32,135,0,0,12,80,1,0,1,0
305,Jalen Brooks,7,0,0,0,0,0,0,0,0,0,0,12,177,1,0,0,0
306,Derius Davis,5,0,0,0,0,0,0,12,39,0,0,13,112,2,0,0,0
307,Payne Durham,11,0,0,0,0,0,0,0,0,0,0,11,115,2,0,0,0
308,D'Onta Foreman,10,0,0,0,0,0,0,71,232,0,0,6,54,0,0,1,0
309,Malik Heath,10,0,0,0,0,0,0,0,0,0,0,10,97,2,0,0,0
310,Kendre Miller,12,0,0,0,0,0,0,39,148,1,0,5,33,0,0,0,0
311,Darnell Washington,9,0,0,0,0,0,0,0,0,0,0,19,200,1,0,0,0
312,Trey Palmer,11,0,0,0,0,0,0,0,0,0,0,12,172,1,0,0,0
313,Mitchell Trubisky,12,26,19,179,2,0,0,17,1,0,0,0,0,0,0,0,0
314,Jamaal Williams,12,0,0,0,0,0,0,48,164,1,0,9,57,0,0,0,0
315,Brock Wright,5,0,0,0,0,0,0,0,0,0,0,13,100,2,0,0,0
316,Mo Alie-Cox,14,0,0,0,0,0,0,0,0,0,0,12,147,1,0,0,0
317,Blake Corum,6,0,0,0,0,0,0,58,207,0,0,7,58,0,0,0,0
318,Sincere McCormick,10,0,0,0,0,0,0,39,183,0,0,6,29,0,0,0,0
319,Ja'Lynn Polk,14,0,0,0,0,0,0,1,0,0,0,12,87,2,0,0,0
320,Stone Smartt,5,0,0,0,0,0,0,0,0,0,0,16,208,0,0,1,0
321,Jaylen Wright,6,0,0,0,0,0,0,68,249,0,0,3,8,0,0,1,0
322,Jahan Dotson,5,0,0,0,0,0,0,1,13,0,0,19,216,0,0,0,0
323,Tyler Higbee,6,0,0,0,0,0,0,0,0,0,0,8,66,2,0,0,0
324,D'Ernest Johnson,12,0,0,0,0,0,0,32,143,0,0,12,96,0,0,0,0
325,Ty Chandler,6,0,0,0,0,0,0,56,182,0,0,6,42,0,0,0,0
326,Jamison Crowder,14,0,0,0,0,0,0,0,0,0,0,9,72,2,0,1,0
327,Mecole Hardman,6,0,0,0,0,0,0,5,62,1,0,12,90,0,0,0,0
328,Khalil Herbert,12,0,0,0,0,0,0,36,130,1,0,10,25,0,0,0,0
329,Khadarel Hodge,12,0,0,0,0,0,0,0,0,0,0,7,131,1,0,0,0
330,Tanner Hudson,12,0,0,0,0,0,0,1,1,0,0,19,154,1,0,1,0
331,Charlie Kolar,14,0,0,0,0,0,0,1,2,0,0,9,131,1,0,0,0
332,Jerrod Means,12,0,0,0,0,0,0,0,0,0,0,9,118,1,0,0,0
333,Dante Pettis,12,0,0,0,0,0,0,0,0,0,0,12,120,1,1,0,0
334,Michael Burton,14,0,0,0,0,0,0,7,8,1,0,10,65,1,0,0,0
335,JaMycal Hasty,14,0,0,0,0,0,0,20,69,0,0,10,59,1,0,0,0
336,Pierre Strong,10,0,0,0,0,0,0,26,108,0,0,14,104,0,0,0,0
337,Erick All,12,0,0,0,0,0,0,0,0,0,0,20,158,0,0,0,0
338,Ashton Dulin,14,0,0,0,0,0,0,5,45,0,0,2,67,1,0,0,0
339,Kylen Granson,14,0,0,0,0,0,0,0,0,0,0,14,182,0,0,0,0
340,Kenny McIntosh,10,0,0,0,0,0,0,31,172,0,0,3,22,0,0,0,0
341,Andrew Ogletree,14,0,0,0,0,0,0,0,0,0,0,9,109,1,0,0,0
342,Craig Reynolds,5,0,0,0,0,0,0,31,139,0,0,3,40,0,0,0,0
343,Cade Stover,14,0,0,0,0,0,0,0,0,0,0,15,133,1,0,0,0
344,Robert Woods,14,0,0,0,0,0,0,0,0,0,0,20,203,0,0,1,0
345,Tim Boyle,11,50,27,276,1,1,0,3,9,0,0,0,0,0,0,0,0
346,Patrick Ricard,14,0,0,0,0,0,0,0,0,0,0,3,22,1,0,0,1
347,Eric Saubert,9,0,0,0,0,0,0,0,0,0,0,11,97,1,0,0,0
348,Jake Bobo,10,0,0,0,0,0,0,0,0,0,0,13,107,1,0,0,0
349,Tommy DeVito,11,44,31,257,0,0,0,8,32,0,0,0,0,0,0,0,0
350,Jake Haener,12,39,18,226,1,1,0,11,22,0,0,0,0,0,0,0,0
351,Alec Ingold,6,0,0,0,0,0,0,10,17,1,0,11,96,0,0,1,0
352,Lucas Krull,14,0,0,0,0,0,0,0,0,0,0,19,152,0,0,0,0
353,Michael Mayer,10,0,0,0,0,0,0,0,0,0,0,21,156,0,0,0,0
354,Jonathan Mingo,7,0,0,0,0,0,0,2,5,0,0,17,167,0,0,1,0
355,Drew Sample,12,0,0,0,0,0,0,1,-4,0,0,20,109,1,0,0,0
356,Tyrell Shavers,12,0,0,0,0,0,0,0,0,0,0,1,69,1,0,0,0
357,Dorian Thompson-Robinson,10,118,61,440,0,6,0,21,122,0,0,0,0,0,0,1,0
358,Kevin Austin,12,0,0,0,0,0,0,1,9,0,0,11,151,0,0,0,0
359,Tony Jones,11,0,0,0,0,0,0,4,55,1,0,0,0,0,0,0,0
360,Luke McCaffrey,14,0,0,0,0,0,0,0,0,0,0,18,168,0,0,0,0
361,Carson Steele,6,0,0,0,0,0,0,56,183,0,0,7,26,0,0,2,0
362,DeeJay Dallas,11,0,0,0,0,0,0,9,49,0,0,3,11,1,0,0,0
363,Rakim Jarrett,11,0,0,0,0,0,0,0,0,0,0,9,124,0,0,0,0
364,Trey Lance,7,41,25,266,0,1,0,11,41,0,0,0,0,0,0,0,0
365,Tay Martin,5,0,0,0,0,0,0,0,0,0,0,1,49,1,0,0,0
366,Jordan Mims,12,0,0,0,0,0,0,20,70,0,0,12,71,0,0,0,0
367,K.J. Osborn,14,0,0,0,0,0,0,0,0,0,0,7,57,1,0,0,0
368,Ronnie Rivers,6,0,0,0,0,0,0,22,99,0,0,5,34,0,0,0,0
369,Trent Sherfield,6,0,0,0,0,0,0,0,0,0,0,8,83,1,0,0,0
370,Will Shipley,5,0,0,0,0,0,0,30,82,0,0,4,35,0,0,0,0
371,Kenny Yeboah,12,0,0,0,0,0,0,0,0,0,0,5,47,1,0,0,0
372,Daniel Bellinger,11,0,0,0,0,0,0,0,0,0,0,14,125,0,0,0,0
373,Jermaine Burton,12,0,0,0,0,0,0,0,0,0,0,4,107,0,0,0,0
374,Simi Fehoko,5,0,0,0,0,0,0,0,0,0,0,6,106,0,0,0,0
375,Hunter Luepke,7,0,0,0,0,0,0,12,38,0,0,12,111,0,0,0,0
376,Davis Mills,14,36,20,212,0,0,0,3,11,0,0,0,0,0,0,0,0
377,Quintin Morris,12,0,0,0,0,0,0,0,0,0,0,5,36,1,0,0,0
378,MyCole Pruitt,9,0,0,0,0,0,0,0,0,0,0,6,40,1,0,0,0
379,Ainias Smith,5,0,0,0,0,0,0,2,6,0,0,7,41,1,0,0,0
380,Blake Whiteheart,10,0,0,0,0,0,0,0,0,0,0,6,51,1,0,0,0
381,Brandon Allen,9,30,17,199,1,2,0,3,4,0,0,0,0,0,0,1,0
382,Marquise Brown,6,0,0,0,0,0,0,0,0,0,0,9,91,0,0,0,0
383,Parris Campbell,5,0,0,0,0,0,0,0,0,0,0,6,30,1,0,0,0
384,Julius Chestnut,5,0,0,0,0,0,0,22,102,0,0,2,11,0,0,0,0
385,Devin Culp,11,0,0,0,0,0,0,0,0,0,0,5,88,0,0,0,0
386,C.J. Ham,6,0,0,0,0,0,0,2,10,1,0,5,35,0,0,1,0
387,Connor Heyward,9,0,0,0,0,0,0,0,0,0,0,6,40,1,0,0,0
388,Xavier Hutchinson,14,0,0,0,0,0,0,0,0,0,0,12,117,0,0,0,0
389,Chris Manhertz,11,0,0,0,0,0,0,0,0,0,0,3,30,1,0,0,0
390,Bo Melton,10,0,0,0,0,0,0,8,54,0,0,8,91,0,0,0,0
391,Jalen Reagor,5,0,0,0,0,0,0,3,-3,0,0,7,100,0,0,1,0
392,Brevyn Spann-Ford,7,0,0,0,0,0,0,0,0,0,0,9,88,0,0,0,0
393,Devontez Walker,14,0,0,0,0,0,0,0,0,0,0,1,21,1,0,0,0
394,Johnny Wilson,5,0,0,0,0,0,0,0,0,0,0,5,38,1,0,0,0
395,Bailey Zappe,10,31,16,170,1,2,0,2,2,0,0,0,0,0,0,0,0
396,Tyler Badie,14,0,0,0,0,0,0,11,86,0,0,3,-2,0,0,1,0
397,Raheem Blackshear,11,0,0,0,0,0,0,15,80,0,0,0,0,0,0,0,0
398,Harrison Bryant,10,0,0,0,0,0,0,0,0,0,0,9,86,0,0,0,0
399,D.J. Chark,5,0,0,0,0,0,0,0,0,0,0,4,31,1,0,0,0
400,Jacob Cowing,9,0,0,0,0,0,0,1,7,0,0,4,80,0,0,1,0
401,Ryan Flournoy,7,0,0,0,0,0,0,0,0,0,0,10,102,0,0,1,0
402,Xavier Gipson,12,0,0,0,0,0,0,1,5,0,0,6,39,1,0,1,0
403,Bryce Oliver,5,0,0,0,0,0,0,0,0,0,0,6,95,0,0,0,0
404,Ben Sinnott,14,0,0,0,0,0,0,0,0,0,0,5,28,1,0,0,0
405,Skylar Thompson,6,33,21,187,0,0,0,1,4,0,0,0,0,0,0,0,0
406,Mason Tipton,12,0,0,0,0,0,0,0,0,0,0,14,99,0,0,0,0
407,Kristian Wilkerson,10,0,0,0,0,0,0,0,0,0,0,2,18,1,0,0,0
408,Chris Conley,9,0,0,0,0,0,0,0,0,0,0,6,76,0,0,0,0
409,Devin Duvernay,12,0,0,0,0,0,0,4,3,0,0,11,79,0,0,0,0
410,Clyde Edwards-Helaire,12,0,0,0,0,0,0,13,46,0,0,3,24,0,0,0,0
411,Julian Hill,6,0,0,0,0,0,0,0,0,0,0,12,100,0,0,0,0
412,E.J. Jenkins,5,0,0,0,0,0,0,0,0,0,0,1,7,1,0,0,0
413,Zay Jones,11,0,0,0,0,0,0,0,0,0,0,8,84,0,0,0,0
414,Scott Miller,9,0,0,0,0,0,0,0,0,0,0,5,69,0,0,0,0
415,Jeremy Ruckert,12,0,0,0,0,0,0,0,0,0,0,18,105,0,0,0,0
416,Keaton Mitchell,14,0,0,0,0,0,0,15,30,0,0,1,28,0,0,0,0
417,Ben Skowronek,9,0,0,0,0,0,0,0,0,0,0,5,69,0,0,0,0
418,Deuce Vaughn,7,0,0,0,0,0,0,17,70,0,0,3,18,0,0,0,0
419,Jeffery Wilson,6,0,0,0,0,0,0,16,57,0,0,3,19,0,0,0,0
420,Michael Woods,10,0,0,0,0,0,0,0,0,0,0,7,65,0,0,0,0
421,John Bates,14,0,0,0,0,0,0,0,0,0,0,8,84,0,0,1,0
422,DeAndre Carter,7,0,0,0,0,0,0,0,0,0,0,9,72,0,0,1,0
423,River Cracraft,6,0,0,0,0,0,0,0,0,0,0,7,66,0,0,0,0
424,Eric Gray,11,0,0,0,0,0,0,14,31,0,0,10,82,0,0,2,0
425,Hayden Hurst,5,0,0,0,0,0,0,0,0,0,0,8,73,0,0,0,0
426,Tim Jones,12,0,0,0,0,0,0,0,0,0,0,3,41,0,0,0,0
427,Brandon Powell,6,0,0,0,0,0,0,0,0,0,0,7,71,0,0,0,0
428,Nikko Remigio,6,0,0,0,0,0,0,0,0,0,0,2,48,0,0,0,0
429,Tyquan Thornton,6,0,0,0,0,0,0,0,0,0,0,4,47,0,0,0,0
430,Cody White,10,0,0,0,0,0,0,0,0,0,0,2,44,0,0,0,0
431,Rasheen Ali,14,0,0,0,0,0,0,10,31,0,0,0,0,0,0,0,0
432,Davis Allen,6,0,0,0,0,0,0,0,0,0,0,6,39,0,0,0,0
433,Alex Bachman,10,0,0,0,0,0,0,0,0,0,0,3,31,0,0,0,0
434,Odell Beckham Jr.,6,0,0,0,0,0,0,0,0,0,0,9,55,0,0,0,0
435,Mike Boone,11,0,0,0,0,0,0,13,51,0,0,1,-2,0,0,0,0
436,Jonathon Brooks,11,0,0,0,0,0,0,9,22,0,0,3,23,0,0,0,0
437,Britain Covey,5,0,0,0,0,0,0,0,0,0,0,7,34,0,0,0,0
438,D'Wayne Eskridge,6,0,0,0,0,0,0,0,0,0,0,3,44,0,0,0,0
439,Luke Farrell,12,0,0,0,0,0,0,0,0,0,0,12,67,0,0,0,0
440,Peyton Hendershot,6,0,0,0,0,0,0,0,0,0,0,5,51,0,0,0,0
441,Jalin Hyatt,11,0,0,0,0,0,0,0,0,0,0,8,62,0,0,0,0
442,Terrell Jennings,14,0,0,0,0,0,0,13,33,0,0,0,0,0,0,0,0
443,Jacob Kibodi,10,0,0,0,0,0,0,5,24,0,0,1,15,0,0,0,0
444,Hunter Long,6,0,0,0,0,0,0,0,0,0,0,7,60,0,0,0,0
445,Ben Sims,10,0,0,0,0,0,0,0,0,0,0,4,42,0,0,0,0
446,Xavier Smith,6,0,0,0,0,0,0,4,36,0,0,2,6,0,0,0,0
447,J.J. Taylor,14,0,0,0,0,0,0,10,44,0,0,2,0,0,0,0,0
448,Austin Trammell,12,0,0,0,0,0,0,0,0,0,0,2,40,0,0,1,0
449,Sione Vaki,5,0,0,0,0,0,0,6,14,0,0,3,37,0,0,0,0
450,Carson Wentz,6,19,12,118,0,0,0,3,0,0,0,0,0,0,0,0,0
451,David Bell,10,0,0,0,0,0,0,0,0,0,0,3,27,0,0,0,0
452,Ronnie Bell,9,0,0,0,0,0,0,0,0,0,0,2,22,0,0,0,0
453,Treylon Burks,5,0,0,0,0,0,0,2,1,0,0,4,34,0,0,0,0
454,Dan Chisena,11,0,0,0,0,0,0,0,0,0,0,3,37,0,0,0,0
455,Dalvin Cook,7,0,0,0,0,0,0,8,20,0,0,1,10,0,0,0,0
456,Greg Dulcich,11,0,0,0,0,0,0,0,0,0,0,5,28,0,0,0,0
457,Gerald Everett,7,0,0,0,0,0,0,0,0,0,0,8,36,0,0,0,0
458,Anthony Gould,14,0,0,0,0,0,0,0,0,0,0,1,23,0,0,0,0
459,Dallin Holker,12,0,0,0,0,0,0,0,0,0,0,3,21,0,0,0,0
460,Travis Homer,7,0,0,0,0,0,0,6,23,0,0,3,11,0,0,0,0
461,Jermar Jefferson,5,0,0,0,0,0,0,6,22,0,0,1,10,0,0,0,0
462,Terrace Marshall,10,0,0,0,0,0,0,0,0,0,0,3,41,0,0,0,0
463,Jase McClellan,12,0,0,0,0,0,0,13,32,0,0,0,0,0,0,0,0
464,Luke Musgrave,10,0,0,0,0,0,0,0,0,0,0,7,45,0,0,0,0
465,Allen Robinson,5,0,0,0,0,0,0,0,0,0,0,3,30,0,0,0,0
466,Jamari Thrash,10,0,0,0,0,0,0,0,0,0,0,3,22,0,0,0,0
467,Blake Watson,14,0,0,0,0,0,0,4,10,0,0,1,13,0,0,0,0
468,Charlie Woerner,12,0,0,0,0,0,0,0,0,0,0,7,46,0,0,0,0
469,Shane Zylstra,5,0,0,0,0,0,0,0,0,0,0,1,22,0,0,0,0
470,Javon Baker,14,0,0,0,0,0,0,0,0,0,0,1,12,0,0,0,0
471,Jaheim Bell,14,0,0,0,0,0,0,0,0,0,0,2,20,0,0,0,0
472,Chris Blair,12,0,0,0,0,0,0,0,0,0,0,1,17,0,0,0,0
473,Pharaoh Brown,10,0,0,0,0,0,0,0,0,0,0,8,65,0,0,1,0
474,Tanner Conner,6,0,0,0,0,0,0,0,0,0,0,3,16,0,0,0,0
475,Malachi Corley,12,0,0,0,0,0,0,2,26,0,0,3,16,0,0,1,0
476,Grant DuBose,6,0,0,0,0,0,0,0,0,0,0,2,11,0,0,0,0
477,Tucker Fisk,5,0,0,0,0,0,0,0,0,0,0,7,39,0,0,0,0
478,Feleipe Franks,11,0,0,0,0,0,0,0,0,0,0,1,12,0,0,0,0
479,Myles Gaskin,12,0,0,0,0,0,0,3,-1,0,0,1,11,0,0,0,0
480,Cam Grandy,12,0,0,0,0,0,0,0,0,0,0,5,28,0,0,0,0
481,Taylor Heinicke,5,5,3,28,0,0,0,2,20,0,0,0,0,0,0,0,0
482,George Holani,10,0,0,0,0,0,0,3,10,0,0,1,-1,0,0,0,0
483,Hendon Hooker,5,9,6,62,0,0,0,5,2,0,0,0,0,0,0,0,0
484,Kameron Johnson,11,0,0,0,0,0,0,2,11,0,0,0,0,0,0,0,0
485,Mason Kinsey,5,0,0,0,0,0,0,0,0,0,0,2,17,0,0,0,0
486,MarShawn Lloyd,10,0,0,0,0,0,0,6,15,0,0,1,3,0,0,0,0
487,Will Mallory,14,0,0,0,0,0,0,0,0,0,0,4,29,0,0,0,0
488,Scott Matlock,5,0,0,0,0,0,0,0,0,0,0,4,28,0,0,0,0
489,Tyreik McAllister,10,0,0,0,0,0,0,2,11,0,0,0,0,0,0,0,0
490,Anthony Miller,14,0,0,0,0,0,0,0,0,0,0,1,16,0,0,0,0
491,Tip Reiman,11,0,0,0,0,0,0,0,0,0,0,6,37,0,0,0,0
492,Aaron Shampklin,9,0,0,0,0,0,0,6,17,0,0,0,0,0,0,0,0
493,Trent Taylor,9,0,0,0,0,0,0,0,0,0,0,1,11,0,0,0,0
494,Deven Thompkins,11,0,0,0,0,0,0,2,7,0,0,4,20,0,0,0,0
495,Jonathan Ward,9,0,0,0,0,0,0,5,22,0,0,0,0,0,0,0,0
496,Casey Washington,12,0,0,0,0,0,0,0,0,0,0,1,14,0,0,0,0
497,Mike White,12,11,3,28,0,0,0,0,0,0,0,0,0,0,0,0,0
498,Kyle Allen,9,1,1,19,0,0,0,0,0,0,0,0,0,0,0,0,0
499,Tyson Bagent,7,2,2,11,0,0,0,6,-7,0,0,0,0,0,0,0,0
500,British Brooks,14,0,0,0,0,0,0,1,2,0,0,0,0,0,0,0,0
501,Jake Browning,12,0,0,0,0,0,0,2,-2,0,0,0,0,0,0,0,0
502,Robbie Chosen,6,0,0,0,0,0,0,0,0,0,0,1,5,0,0,0,0
503,Chris Collier,10,0,0,0,0,0,0,5,12,0,0,1,-4,0,0,0,0
504,Jaelon Darden,10,0,0,0,0,0,0,0,0,0,0,1,6,0,0,0,0
505,Zach Davidson,12,0,0,0,0,0,0,0,0,0,0,1,5,0,0,0,0
506,Tyrion Davis-Price,5,0,0,0,0,0,0,3,7,0,0,0,0,0,0,0,0
507,Josiah Deguara,12,0,0,0,0,0,0,0,0,0,0,3,14,0,0,0,0
508,Ross Dwelley,12,0,0,0,0,0,0,0,0,0,0,1,5,0,0,0,0
509,Darrynton Evans,7,0,0,0,0,0,0,3,3,0,0,0,0,0,0,0,0
510,John FitzPatrick,10,0,0,0,0,0,0,0,0,0,0,1,2,0,0,0,0
511,Joe Fortson,6,0,0,0,0,0,0,0,0,0,0,1,5,0,0,0,0
512,Reggie Gilliam,12,0,0,0,0,0,0,3,7,0,0,0,0,0,0,0,0
513,Isaiah Hodgins,11,0,0,0,0,0,0,0,0,0,0,2,12,0,0,0,0
514,Trenton Irwin,11,0,0,0,0,0,0,0,0,0,0,3,15,0,0,0,0
515,Jermaine Jackson,12,0,0,0,0,0,0,1,-1,0,0,0,0,0,0,0,0
516,Brandon Johnson,9,0,0,0,0,0,0,0,0,0,0,1,9,0,0,0,0
517,Collin Johnson,7,0,0,0,0,0,0,0,0,0,0,1,6,0,0,0,0
518,Josh Johnson,14,3,2,17,0,0,0,4,1,0,0,0,0,0,0,0,0
519,Velus Jones,11,0,0,0,0,0,0,3,11,0,0,1,8,0,0,1,0
520,Brevin Jordan,14,0,0,0,0,0,0,0,0,0,0,2,7,0,0,0,0
521,Joshua Kelley,5,0,0,0,0,0,0,1,2,0,0,0,0,0,0,0,0
522,Ramel Keyton,10,0,0,0,0,0,0,0,0,0,0,1,7,0,0,0,0
523,Marcedes Lewis,7,0,0,0,0,0,0,0,0,0,0,1,2,0,0,0,0
524,David Martin-Robinson,5,0,0,0,0,0,0,0,0,0,0,1,6,0,0,0,0
525,Nick Mullens,6,2,2,38,0,0,0,3,-2,0,0,0,0,0,0,0,0
526,Chris Oladokun,6,0,0,0,0,0,0,1,5,0,0,0,0,0,0,0,0
527,James Proche,10,0,0,0,0,0,0,0,0,0,0,3,21,0,0,1,0
528,Kendric Pryor,12,0,0,0,0,0,0,0,0,0,0,1,9,0,0,0,0
529,John Ross,5,0,0,0,0,0,0,0,0,0,0,1,6,0,0,0,0
530,Cody Schrader,6,0,0,0,0,0,0,1,3,0,0,1,6,0,0,0,0
531,Tyler Scott,7,0,0,0,0,0,0,0,0,0,0,1,5,0,0,0,0
532,Laviska Shenault,5,0,0,0,0,0,0,1,1,0,0,5,36,0,0,2,0
533,John Samuel Shenker,10,0,0,0,0,0,0,0,0,0,0,1,7,0,0,0,0
534,Durham Smythe,6,0,0,0,0,0,0,0,0,0,0,9,53,0,0,0,0
535,Jarrett Stidham,14,0,0,0,0,0,0,4,5,0,0,0,0,0,0,0,0
536,Jack Stoll,6,0,0,0,0,0,0,0,0,0,0,2,10,0,0,0,0
537,Geoff Swaim,10,0,0,0,0,0,0,0,0,0,0,1,7,0,0,0,0
538,Ian Thomas,11,0,0,0,0,0,0,0,0,0,0,3,7,0,0,0,0
539,Eric Tomlinson,5,0,0,0,0,0,0,0,0,0,0,2,9,0,0,0,0
540,Kyle Trask,11,1,1,5,0,0,0,5,-4,0,0,0,0,0,0,0,0
541,Brycen Tremayne,14,0,0,0,0,0,0,0,0,0,0,1,-2,0,0,0,0
542,Ke'Shawn Vaughn,9,0,0,0,0,0,0,2,4,0,0,0,0,0,0,0,0
543,Jared Wiley,6,0,0,0,0,0,0,0,0,0,0,1,7,0,0,0,0
544,Isaiah Williams,12,0,0,0,0,0,0,0,0,0,0,2,6,0,0,0,0
545,Charlie Jones,12,0,0,0,0,0,0,0,0,0,0,1,5,0,0,1,0
546,Dylan Laube,10,0,0,0,0,0,0,1,0,0,0,0,0,0,0,1,0
547,Steven Sims,14,0,0,0,0,0,0,1,0,0,0,0,0,0,0,1,0
548,Kadarius Toney,10,0,0,0,0,0,0,2,-4,0,0,0,0,0,0,1,0
549,Clayton Tune,11,2,2,8,0,0,0,7,-4,0,0,0,0,0,0,1,0
550,Sam Howell,10,14,5,24,0,1,0,1,2,0,0,0,0,0,0,0,0
551,Jha'Quan Jackson,5,0,0,0,0,0,0,1,-5,0,0,1,8,0,0,2,0
